{
  "project_path": "examples\\test_cross_file",
  "template": "owasp_top_10_2021",
  "total_files": 1,
  "findings": [],
  "summary": {
    "total_findings": 0,
    "files_analyzed": 1,
    "completion_status": "success"
  },
  "timestamp": "2025-08-27 11:34:31.754045",
  "timing_stats": {
    "配置加载": 0.006579399108886719,
    "项目结构分析": 0.004528999328613281,
    "文件过滤": 0.013282060623168945,
    "AI模型初始化": 0.002623319625854492,
    "代码分析总时间": 29.475394010543823,
    "LLM调用总时间": 29.473714590072632,
    "平均每文件分析时间": 29.475186586380005,
    "平均LLM调用时间": 29.473714590072632,
    "LLM调用次数": 1,
    "缓存命中次数": 0,
    "缓存命中率": 0.0,
    "摘要生成": 5.4836273193359375e-06
  }
}