{
  "project_path": "examples\\test_cross_file",
  "template": "owasp_top_10_2021",
  "total_files": 1,
  "findings": [],
  "summary": {
    "total_findings": 0,
    "files_analyzed": 1,
    "completion_status": "success"
  },
  "timestamp": "2025-08-27 11:38:02.844893",
  "timing_stats": {
    "配置加载": 0.006342649459838867,
    "项目结构分析": 0.0036661624908447266,
    "文件过滤": 0.01347041130065918,
    "AI模型初始化": 0.003603219985961914,
    "代码分析总时间": 31.91578698158264,
    "LLM调用总时间": 31.912635326385498,
    "平均每文件分析时间": 31.915533781051636,
    "平均LLM调用时间": 31.912635326385498,
    "LLM调用次数": 1,
    "缓存命中次数": 0,
    "缓存命中率": 0.0,
    "摘要生成": 5.7220458984375e-06
  }
}